{"cameraMode":{"drawMode":0,"name":"Shaded","section":"Shading Mode"},"sceneLighting":false,"audioPlay":false,"sceneViewState":{"showFog":true,"showMaterialUpdate":false,"showSkybox":false,"showFlares":true,"showImageEffects":true,"showParticleSystems":true},"in2DMode":false,"pivot":{"x":491.3165588378906,"y":258.3316955566406,"z":-62.51125717163086},"rotation":{"x":0.1830410212278366,"y":-0.10339965671300888,"z":0.019936414435505868,"w":0.9777305722236633},"size":648.0414428710938,"orthographic":false}