{"cameraMode":{"drawMode":0,"name":"Shaded","section":"Shading Mode"},"sceneLighting":false,"audioPlay":false,"sceneViewState":{"showFog":true,"showMaterialUpdate":false,"showSkybox":false,"showFlares":true,"showImageEffects":true,"showParticleSystems":true},"in2DMode":false,"pivot":{"x":-12.653946876525879,"y":107.74717712402344,"z":45.397823333740237},"rotation":{"x":-0.3840927481651306,"y":0.5896207094192505,"z":-0.37626326084136965,"w":-0.6028556823730469},"size":5.678053855895996,"orthographic":false}