{"cameraMode":{"drawMode":0,"name":"Shaded","section":"Shading Mode"},"sceneLighting":false,"audioPlay":false,"sceneViewState":{"showFog":true,"showMaterialUpdate":false,"showSkybox":false,"showFlares":true,"showImageEffects":true,"showParticleSystems":true},"in2DMode":false,"pivot":{"x":-0.2177724838256836,"y":112.15348052978516,"z":25.991701126098634},"rotation":{"x":-0.21693629026412965,"y":0.3172089457511902,"z":-0.07513594627380371,"w":-0.9202387928962708},"size":5.678055286407471,"orthographic":false}