{"cameraMode":{"drawMode":0,"name":"Shaded","section":"Shading Mode"},"sceneLighting":true,"audioPlay":false,"sceneViewState":{"showFog":true,"showMaterialUpdate":false,"showSkybox":true,"showFlares":true,"showImageEffects":true,"showParticleSystems":true},"in2DMode":false,"pivot":{"x":194.92955017089845,"y":89.98522186279297,"z":8.053357124328614},"rotation":{"x":0.1278906613588333,"y":-0.3947139084339142,"z":0.056240301579236987,"w":0.9084323048591614},"size":1.4320507049560547,"orthographic":false}