{"cameraMode":{"drawMode":0,"name":"Shaded","section":"Shading Mode"},"sceneLighting":false,"audioPlay":false,"sceneViewState":{"showFog":true,"showMaterialUpdate":false,"showSkybox":false,"showFlares":true,"showImageEffects":true,"showParticleSystems":true},"in2DMode":false,"pivot":{"x":-12.087773323059082,"y":107.85347747802735,"z":13.197820663452149},"rotation":{"x":-0.16112375259399415,"y":0.20753131806850434,"z":-0.035011373460292819,"w":-0.9643233418464661},"size":5.6780548095703129,"orthographic":false}