{"cameraMode":{"drawMode":0,"name":"Shaded","section":"Shading Mode"},"sceneLighting":false,"audioPlay":false,"sceneViewState":{"showFog":true,"showMaterialUpdate":false,"showSkybox":false,"showFlares":true,"showImageEffects":true,"showParticleSystems":true},"in2DMode":false,"pivot":{"x":-12.660452842712403,"y":107.68717956542969,"z":25.411701202392579},"rotation":{"x":-0.24339501559734345,"y":0.6701884269714356,"z":-0.24969980120658875,"w":-0.6554096937179565},"size":5.6780548095703129,"orthographic":false}